Sample_ID,Pond_ID,Pond_number,Previous_status,Grid_reference,Latitude,Longitude,Kit_type,Kit_ID,Month,Season,Volume,Sampled,Arrived,Inhibition,Degradation,GCN_2022,eDNA_score,Average_Cq,Notes
C250-ARP-GI-GDD-000-000006-31007-290422-PF,31007,1,Unknown,SP 62940 31007,51.973977,-1.0851412,F,PSD-01-00088,April,In-season,2500,28-Apr,04-May,Pass,Pass,Negative,0,NA,
C250-ARP-GI-GDD-000-000006-31007-290422-SK,31007,1,Unknown,SP 62940 31007,51.973977,-1.0851412,EP,"GCN-22
-00602",April,In-season,90,28-Apr,04-May,Pass,Pass,Negative,0,NA,
C250-ARP-GI-GDD-000-000006-31007-260522-PF,31007,1,Unknown,SP 62940 31007,51.973977,-1.0851412,F,PSD-01-18974,May,In-season,2400,26-May,31-May,Pass,Pass,Negative,0,NA,Almost dry in June plus H&S concerns - omitted from subsequent surveys
C250-ARP-GI-GDD-000-000006-31007-260522-SK,31007,1,Unknown,SP 62940 31007,51.973977,-1.0851412,EP,GCN-22-01191,May,In-season,90,26-May,31-May,Pass,Pass,Negative,0,NA,Almost dry in June plus H&S concerns - omitted from subsequent surveys
C250-ARP-GI-GDD-000-000006-31009-290422-PF,31009,2,Unknown,SP 63182 31009,51.973967,-1.0816183,F,"PSD-01
-00081",April,In-season,1000,28-Apr,04-May,Pass,Pass,Negative,0,NA,Almost dry in May plus H&S concerns - omitted from subsequent surveys
C250-ARP-GI-GDD-000-000006-31009-290422-SK,31009,2,Unknown,SP 63182 31009,51.973967,-1.0816183,EP,GCN-22-00596,April,In-season,90,28-Apr,04-May,Pass,Pass,Negative,0,NA,Almost dry in May plus H&S concerns - omitted from subsequent surveys
30271-310522-PF,30271,3,Negative,SP 63367 30271,51.967312,-1.0790614,F,PSD-01-19169,May,In-season,1100,31-May,07-Jun,Pass,Pass,Negative,0,NA,
30271-310522-SK,30271,3,Negative,SP 63367 30271,51.967312,-1.0790614,EP,GCN-22-01121,May,In-season,90,31-May,07-Jun,Pass,Pass,Negative,0,NA,
30271,30271,3,Negative,SP 63367 30271,51.967312,-1.0790614,F,PSD-01-00276,June,In-season,2500,30-Jun,04-Jul,Pass,Pass,Negative,0,NA,
30271,30271,3,Negative,SP 63367 30271,51.967312,-1.0790614,EP,GCN-22-01808,June,In-season,90,30-Jun,04-Jul,Pass,Pass,Negative,0,NA,
30271,30271,3,Negative,SP 63367 30271,51.967312,-1.0790614,F,GCN-22-01817,July,Out-of-season,2500,13-Jul,14-Jul,Pass,Pass,Negative,0,NA,
30271,30271,3,Negative,SP 63367 30271,51.967312,-1.0790614,EP,PSD-01-00353,July,Out-of-season,90,13-Jul,14-Jul,Pass,Pass,Negative,0,NA,
30271-170822-FK,30271,3,Negative,SP 63367 30271,51.967312,-1.0790614,F,PSD-01-00718,August,Out-of-season,1900,17-Aug,19-Aug,Pass,Pass,Negative,0,NA,
30271-170822-SK,30271,3,Negative,SP 63367 30271,51.967312,-1.0790614,EP,GCN-22-01951,August,Out-of-season,90,17-Aug,19-Aug,Pass,Pass,Negative,0,NA,
eDNA-Filter-SmallPond-Innovation,30271,3,Negative,SP 63367 30271,51.967312,-1.0790614,F,PSD-01-00818,September,Out-of-season,900,22-Sep,28-Sep,Fail,Pass,Inconclusive,NA,NA,Surveyed by HS2 in September 2022 due to access issues. Dry in October.
'eDNA-GCNKit-Normal-NPSmallPond',30271,3,Negative,SP 63367 30271,51.967312,-1.0790614,EP,GCN-22-01977,September,Out-of-season,90,22-Sep,28-Sep,Pass,Pass,Negative,0,NA,Surveyed by HS2 in September 2022 due to access issues. Dry in October.
C250-ARP-GI-GDD-000-000006-484338-290422-PF,484338,4,Negative,SP 63219 30296,51.967553,-1.0812108,F,PSD-01-00083,April,In-season,2500,28-Apr,04-May,Pass,Pass,Negative,0,NA,
C250-ARP-GI-GDD-000-000006-484338-290422-SK,484338,4,Negative,SP 63219 30296,51.967553,-1.0812108,EP,GCN-22-00588,April,In-season,90,28-Apr,04-May,Pass,Pass,Negative,0,NA,
C250-ARP-GI-GDD-000-000006-484338-260522-PF,484338,4,Negative,SP 63219 30296,51.967553,-1.0812108,F,PSD-01-18977,May,In-season,2500,26-May,31-May,Pass,Pass,Negative,0,NA,
C250-ARP-GI-GDD-000-000006-484338-260522-SK,484338,4,Negative,SP 63219 30296,51.967553,-1.0812108,EP,GCN-22-01114,May,In-season,90,26-May,31-May,Pass,Pass,Negative,0,NA,
C250-ARP-GI-GDD-000-000006-484338,484338,4,Negative,SP 63219 30296,51.967553,-1.0812108,F,PSD-01-00274,June,In-season,2500,30-Jun,04-Jul,Pass,Pass,Positive,1,40.38,
C250-AEP-GI-GDD-000-000006-484338,484338,4,Negative,SP 63219 30296,51.967553,-1.0812108,EP,GCN-22-01821,June,In-season,90,30-Jun,04-Jul,Pass,Pass,Negative,0,NA,
C250-ARP-GI-GDD-000-00006,484338,4,Negative,SP 63219 30296,51.967553,-1.0812108,F,PSD-01-00343,July,Out-of-season,2500,13-Jul,14-Jul,Pass,Pass,Negative,0,NA,
C250-ARP-GI-GDD-000-00006,484338,4,Negative,SP 63219 30296,51.967553,-1.0812108,EP,GCN-22-01816,July,Out-of-season,90,13-Jul,14-Jul,Pass,Pass,Negative,0,NA,
C250-ARP-GI-GDD-000-00006-170822-FK,484338,4,Negative,SP 63219 30296,51.967553,-1.0812108,F,PSD-01-00714,August,Out-of-season,2500,17-Aug,19-Aug,Pass,Pass,Negative,0,NA,
C250-ARP-GI-GDD-000-00006-170822-SK,484338,4,Negative,SP 63219 30296,51.967553,-1.0812108,EP,GCN-22-01947,August,Out-of-season,90,17-Aug,19-Aug,Pass,Pass,Negative,0,NA,
'Fishing Lake Filter-HS2',484338,4,Negative,SP 63219 30296,51.967553,-1.0812108,F,PSD-01-00819,September,Out-of-season,2375,22-Sep,28-Sep,Fail,Pass,Inconclusive,NA,NA,Surveyed by HS2 in September 2022 due to access issues
C250-ARP-GI-GDD-000-000006,484338,4,Negative,SP 63219 30296,51.967553,-1.0812108,EP,GCN-22-01978,September,Out-of-season,90,22-Sep,28-Sep,Pass,Pass,Negative,0,NA,Surveyed by HS2 in September 2022 due to access issues
C250-ARP-G1-GDD-000-00006-051022-FK,484338,4,Negative,SP 63219 30296,51.967553,-1.0812108,F,PSD-01-00859,October,Out-of-season,2500,05-Oct,12-Oct,Pass,Pass,Negative,0,NA,
C250-ARP-G1-GDD-000-00006-051022-SK,484338,4,Negative,SP 63219 30296,51.967553,-1.0812108,EP,GCN-22-01994,October,Out-of-season,90,05-Oct,12-Oct,Pass,Pass,Negative,0,NA,
HS2-00002NHYZb-290422-PF,HS2-00002NHYT,5,Positive,SP 89923 02356,51.712739,-0.69986096,F,"PSD-01
-00079",April,In-season,1700,28-Apr,04-May,Pass,Pass,Positive,12,39.11,
HS2-00002NHYZb-290422-SK,HS2-00002NHYT,5,Positive,SP 89923 02356,51.712739,-0.69986096,EP,"GCN-22
-00592",April,In-season,90,28-Apr,04-May,Pass,Pass,Positive,1,39.97,
HS2-00002NHYZb-260522-PF,HS2-00002NHYT,5,Positive,SP 89923 02356,51.712739,-0.69986096,F,PSD-01-18985,May,In-season,400,26-May,31-May,Pass,Pass,Positive,12,35.83,
HS2-00002NHYZb-260522-SK,HS2-00002NHYT,5,Positive,SP 89923 02356,51.712739,-0.69986096,EP,GCN-22-00593,May,In-season,90,26-May,31-May,Pass,Pass,Negative,0,NA,
HS2-00002NHYZb,HS2-00002NHYT,5,Positive,SP 89923 02356,51.712739,-0.69986096,F,PSD-01-00251,June,In-season,430,30-Jun,04-Jul,Pass,Pass,Negative,0,NA,
HS2-00002NHYZb,HS2-00002NHYT,5,Positive,SP 89923 02356,51.712739,-0.69986096,EP,GCN-22-01818,June,In-season,90,30-Jun,04-Jul,Pass,Pass,Positive,1,46.71,
HS2-00002NHYZb-260722-FK,HS2-00002NHYT,5,Positive,SP 89923 02356,51.712739,-0.69986096,F,PSD-01-00279,July,Out-of-season,950,26-Jul,28-Jul,Pass,Pass,Positive,12,38.30,
HS2-00002NHYZb-260722-SK,HS2-00002NHYT,5,Positive,SP 89923 02356,51.712739,-0.69986096,EP,GCN-22-01888,July,Out-of-season,90,26-Jul,28-Jul,Pass,Pass,Negative,0,NA,
HS2-00002NHYZb-170822-FK,HS2-00002NHYT,5,Positive,SP 89923 02356,51.712739,-0.69986096,F,PSD-01-00272,August,Out-of-season,625,17-Aug,19-Aug,Pass,Pass,Positive,10,37.94,
HS2-00002NHYZb-170822-SK,HS2-00002NHYT,5,Positive,SP 89923 02356,51.712739,-0.69986096,EP,GCN-22-01959,August,Out-of-season,90,17-Aug,19-Aug,Pass,Pass,Negative,0,NA,
HS2-00002NHYZb-140922-SK,HS2-00002NHYT,5,Positive,SP 89923 02356,51.712739,-0.69986096,F,PSD-01-00815,September,Out-of-season,560,14-Sep,16-Sep,Pass,Pass,Negative,0,NA,
HS2-00002NHYZb-140922-FK,HS2-00002NHYT,5,Positive,SP 89923 02356,51.712739,-0.69986096,EP,GCN-22-01966,September,Out-of-season,90,14-Sep,16-Sep,Pass,Pass,Negative,0,NA,
HS2-00002NHYZb-061022-FK,HS2-00002NHYT,5,Positive,SP 89923 02356,51.712739,-0.69986096,F,PSD-01-00849,October,Out-of-season,625,06-Oct,12-Oct,Pass,Pass,Negative,0,NA,
HS2-00002NHYZb-061022-SK,HS2-00002NHYT,5,Positive,SP 89923 02356,51.712739,-0.69986096,EP,GCN-22-01962,October,Out-of-season,90,06-Oct,12-Oct,Pass,Pass,Negative,0,NA,
HS2-00002NHYZc-290422-PF,HS2-00002NHZ0,6,Positive,SP 89966 02349,51.712669,-0.69924056,F,PSD-01-00095,April,In-season,NA,28-Apr,04-May,Pass,Pass,Positive,11,36.29,
HS2-00002NHYZc-290422-SK,HS2-00002NHZ0,6,Positive,SP 89966 02349,51.712669,-0.69924056,EP,GCN-22-00608,April,In-season,90,28-Apr,04-May,Pass,Pass,Positive,1,40.15,
HS2-00002NHYZc-260622-PF,HS2-00002NHZ0,6,Positive,SP 89966 02349,51.712669,-0.69924056,F,PSD-01-18976,May,In-season,1000,26-May,31-May,Pass,Pass,Positive,12,38.24,
HS2-00002NHYZc-260622-SK,HS2-00002NHZ0,6,Positive,SP 89966 02349,51.712669,-0.69924056,EP,GCN-22-00598,May,In-season,90,26-May,31-May,Pass,Pass,Negative,0,NA,
HS2-00002NHYZc,HS2-00002NHZ0,6,Positive,SP 89966 02349,51.712669,-0.69924056,F,PSD-01-00266,June,In-season,1320,30-Jun,04-Jul,Pass,Pass,Positive,12,36.49,
HS2-00002NHYZc,HS2-00002NHZ0,6,Positive,SP 89966 02349,51.712669,-0.69924056,EP,GCN-22-01822,June,In-season,90,30-Jun,04-Jul,Pass,Pass,Negative,0,NA,
HS2-00002NHYZc-260722-FK,HS2-00002NHZ0,6,Positive,SP 89966 02349,51.712669,-0.69924056,F,PSD-01-00281,July,Out-of-season,700,26-Jul,28-Jul,Pass,Pass,Positive,12,37.02,
HS2-00002NHYZc-260722-SK,HS2-00002NHZ0,6,Positive,SP 89966 02349,51.712669,-0.69924056,EP,GCN-22-01815,July,Out-of-season,90,26-Jul,28-Jul,Pass,Pass,Negative,0,NA,
HS2-00002NHYZc-170822-FK,HS2-00002NHZ0,6,Positive,SP 89966 02349,51.712669,-0.69924056,F,PSD-01-00347,August,Out-of-season,750,17-Aug,19-Aug,Pass,Pass,Positive,4,38.38,
HS2-00002NHYZc-170822-SK,HS2-00002NHZ0,6,Positive,SP 89966 02349,51.712669,-0.69924056,EP,GCN-22-01954,August,Out-of-season,90,17-Aug,19-Aug,Pass,Pass,Negative,0,NA,
HS2-00002NHYZc-140922-FK,HS2-00002NHZ0,6,Positive,SP 89966 02349,51.712669,-0.69924056,F,PSD-01-00812,September,Out-of-season,875,14-Sep,16-Sep,Pass,Pass,Negative,0,NA,
HS2-00002NHYZc-140922-SK,HS2-00002NHZ0,6,Positive,SP 89966 02349,51.712669,-0.69924056,EP,GCN-22-01961,September,Out-of-season,90,14-Sep,16-Sep,Pass,Pass,Negative,0,NA,
HS2-00002NHYZc-061022-FK,HS2-00002NHZ0,6,Positive,SP 89966 02349,51.712669,-0.69924056,F,PSD-01-00802,October,Out-of-season,1250,06-Oct,12-Oct,Pass,Pass,Negative,0,NA,
HS2-00002NHYZc-061022-SK,HS2-00002NHZ0,6,Positive,SP 89966 02349,51.712669,-0.69924056,EP,GCN-22-01963,October,Out-of-season,90,06-Oct,12-Oct,Pass,Pass,Negative,0,NA,
HS2-00002NHYZd-290422-FK,HS2-00002NHYZ,7,Positive,SP 89958 02332,51.712518,-0.6993607,F,"PSD-01
-00082",April,In-season,2500,28-Apr,04-May,Pass,Pass,Positive,12,35.99,
HS2-00002NHYZd-290422-SK,HS2-00002NHYZ,7,Positive,SP 89958 02332,51.712518,-0.6993607,EP,GCN-22-00606,April,In-season,90,28-Apr,04-May,Pass,Pass,Negative,0,NA,
HS2-00002NHYZd-260522-PF,HS2-00002NHYZ,7,Positive,SP 89958 02332,51.712518,-0.6993607,F,PSD-01-18980,May,In-season,1000,26-May,31-May,Pass,Pass,Positive,12,34.18,
HS2-00002NHYZd-260522-SK,HS2-00002NHYZ,7,Positive,SP 89958 02332,51.712518,-0.6993607,EP,GCN-22-00605,May,In-season,90,26-May,31-May,Pass,Pass,Positive,5,39.97,
HS2-00002NHYZd,HS2-00002NHYZ,7,Positive,SP 89958 02332,51.712518,-0.6993607,F,PSD-01-00270,June,In-season,1000,30-Jun,04-Jul,Pass,Pass,Positive,12,39.22,
HS2-00002NHYZd,HS2-00002NHYZ,7,Positive,SP 89958 02332,51.712518,-0.6993607,EP,GCN-22-01824,June,In-season,90,30-Jun,04-Jul,Pass,Pass,Negative,0,NA,
HS2-00002NHYZd-260722-FK,HS2-00002NHYZ,7,Positive,SP 89958 02332,51.712518,-0.6993607,F,PSD-01-00345,July,Out-of-season,375,26-Jul,28-Jul,Pass,Pass,Positive,12,35.74,
HS2-00002NHYZd-260722-SK,HS2-00002NHYZ,7,Positive,SP 89958 02332,51.712518,-0.6993607,EP,GCN-22-01887,July,Out-of-season,90,26-Jul,28-Jul,Pass,Pass,Positive,1,40.76,
HS2-00002NHYZd-170822-FK,HS2-00002NHYZ,7,Positive,SP 89958 02332,51.712518,-0.6993607,F,PSD-01-00351,August,Out-of-season,850,17-Aug,19-Aug,Pass,Pass,Positive,10,38.37,
HS2-00002NHYZd-170822-SK,HS2-00002NHYZ,7,Positive,SP 89958 02332,51.712518,-0.6993607,EP,GCN-22-01955,August,Out-of-season,90,17-Aug,19-Aug,Pass,Pass,Negative,0,NA,
HS2-00002NHYZd-140922-FK,HS2-00002NHYZ,7,Positive,SP 89958 02332,51.712518,-0.6993607,F,PSD-01-00814,September,Out-of-season,875,14-Sep,16-Sep,Pass,Pass,Negative,0,NA,
HS2-00002NHYZd-140922-SK,HS2-00002NHYZ,7,Positive,SP 89958 02332,51.712518,-0.6993607,EP,GCN-22-01968,September,Out-of-season,90,14-Sep,16-Sep,Pass,Pass,Negative,0,NA,
HS2-00002NHYZd-061022-FK,HS2-00002NHYZ,7,Positive,SP 89958 02332,51.712518,-0.6993607,F,PSD-01-00862,October,Out-of-season,2250,06-Oct,12-Oct,Pass,Pass,Negative,0,NA,
HS2-00002NHYZd-061022-SK,HS2-00002NHYZ,7,Positive,SP 89958 02332,51.712518,-0.6993607,EP,GCN-22-01986,October,Out-of-season,90,06-Oct,12-Oct,Pass,Pass,Negative,0,NA,
HS2-00002NHYZ-290422-PF,HS2-00002NHYV,8,Positive,SP 89935 02403,51.713159,-0.6996752,F,PSD-01-00074,April,In-season,1500,28-Apr,04-May,Pass,Pass,Positive,1,40.30,
HS2-00002NHYZ-290422-SK,HS2-00002NHYV,8,Positive,SP 89935 02403,51.713159,-0.6996752,EP,GCN-22-00609,April,In-season,90,28-Apr,04-May,Pass,Pass,Negative,0,NA,
HS2-00002NHYZ-260522-PF,HS2-00002NHYV,8,Positive,SP 89935 02403,51.713159,-0.6996752,F,PSD-01-18981,May,In-season,265,26-May,31-May,Pass,Pass,Positive,7,40.64,
HS2-00002NHYZ-260522-SK,HS2-00002NHYV,8,Positive,SP 89935 02403,51.713159,-0.6996752,EP,GCN-22-00604,May,In-season,90,26-May,31-May,Pass,Pass,Positive,3,40.23,
HS2-00002NHYZ,HS2-00002NHYV,8,Positive,SP 89935 02403,51.713159,-0.6996752,F,PSD-01-00273,June,In-season,880,30-Jun,04-Jul,Pass,Pass,Negative,0,N/A,
HS2-00002NHYZ,HS2-00002NHYV,8,Positive,SP 89935 02403,51.713159,-0.6996752,EP,GCN-22-01812,June,In-season,90,30-Jun,04-Jul,Pass,Pass,Negative,0,N/A,
HS2-00002NHYZ-260722-FK,HS2-00002NHYV,8,Positive,SP 89935 02403,51.713159,-0.6996752,F,PSD-01-00348,July,Out-of-season,800,26-Jul,28-Jul,Pass,Pass,Positive,12,39.22,
HS2-00002NHYZ-260722-SK,HS2-00002NHYV,8,Positive,SP 89935 02403,51.713159,-0.6996752,EP,GCN-22-01886,July,Out-of-season,90,26-Jul,28-Jul,Pass,Pass,Positive,7,39.91,
HS2-00002NHYZ-170822-FK,HS2-00002NHYV,8,Positive,SP 89935 02403,51.713159,-0.6996752,F,PSD-01-00254,August,Out-of-season,300,18-Aug,19-Aug,Pass,Pass,Positive,12,35.99,
HS2-00002NHYZ-170822-SK,HS2-00002NHYV,8,Positive,SP 89935 02403,51.713159,-0.6996752,EP,GCN-22-01948,August,Out-of-season,90,17-Aug,19-Aug,Pass,Pass,Negative,0,NA,
HS2-00002NHYZ-140922-FK,HS2-00002NHYV,8,Positive,SP 89935 02403,51.713159,-0.6996752,F,PSD-01-00803,September,Out-of-season,875,14-Sep,16-Sep,Pass,Pass,Positive,1,39.93,Dry in October
HS2-00002NHYZ-140922-SK,HS2-00002NHYV,8,Positive,SP 89935 02403,51.713159,-0.6996752,EP,GCN-22-01965,September,Out-of-season,90,14-Sep,16-Sep,Pass,Pass,Negative,0,NA,Dry in October
HS2-00002NL5H-280422-PF,HS2-00002NL5H,9,Positive,SP 78830 14318,51.821935,-0.85767286,F,PSD-01-00092,April,In-season,2500,28-Apr,29-Apr,Pass,Pass,Positive,7,39.23,
HS2-00002NL5H-280422-SK,HS2-00002NL5H,9,Positive,SP 78830 14318,51.821935,-0.85767286,EP,GCN-22-00586,April,In-season,90,28-Apr,29-Apr,Pass,Pass,Negative,0,NA,
HS2-00002NL5H- 250522-PF,HS2-00002NL5H,9,Positive,SP 78830 14318,51.821935,-0.85767286,F,PSD-01-18972,May,In-season,1700,25-May,31-May,Pass,Pass,Positive,1,40.17,
HS2-00002NL5H-250522-SK,HS2-00002NL5H,9,Positive,SP 78830 14318,51.821935,-0.85767286,EP,GCN-22-01115,May,In-season,90,25-May,31-May,Pass,Pass,Positive,10,38.06,
HS2-00002NL5H,HS2-00002NL5H,9,Positive,SP 78830 14318,51.821935,-0.85767286,F,PSD-01-00267,June,In-season,465,30-Jun,04-Jul,Pass,Pass,Positive,12,37.96,
HS2-00002NL5H,HS2-00002NL5H,9,Positive,SP 78830 14318,51.821935,-0.85767286,EP,GCN-22-01823,June,In-season,90,29-Jun,04-Jul,Pass,Pass,Positive,4,40.90,
HS2-00002NL5H-120722-FK,HS2-00002NL5H,9,Positive,SP 78830 14318,51.821935,-0.85767286,F,PSD-01-00352,July,Out-of-season,625,12-Jul,14-Jul,Pass,Pass,Positive,12,36.84,Dry in August - omitted from subsequent surveys
HS2-00002NL5H-120722-SK,HS2-00002NL5H,9,Positive,SP 78830 14318,51.821935,-0.85767286,EP,GCN-22-01896,July,Out-of-season,90,12-Jul,14-Jul,Pass,Pass,Positive,12,38.39,Dry in August - omitted from subsequent surveys
HS2-00002NL5J-220422-PF,HS2-00002NL5J,10,Positive,SP 78914 14192,51.82079,-0.85648305,F,PSD-01-00087,April,In-season,2500,28-Apr,29-Apr,Pass,Pass,Positive,10,35.05,
HS2-00002NL5J-220422-SK,HS2-00002NL5J,10,Positive,SP 78914 14192,51.82079,-0.85648305,EP,GCN-22-00585,April,In-season,90,28-Apr,29-Apr,Pass,Pass,Positive,9,39.71,
HS2-000025NL5J-250522-PF,HS2-00002NL5J,10,Positive,SP 78914 14192,51.82079,-0.85648305,F,PSD-01-18983,May,In-season,1000,25-May,31-May,Pass,Pass,Positive,12,34.43,
HS2-00002SNL5J-250522-SK,HS2-00002NL5J,10,Positive,SP 78914 14192,51.82079,-0.85648305,EP,GCN-22-01107,May,In-season,90,25-May,31-May,Pass,Pass,Positive,3,39.45,
HS2-00002NL5J,HS2-00002NL5J,10,Positive,SP 78914 14192,51.82079,-0.85648305,F,PSD-01-00275,June,In-season,1250,30-Jun,04-Jul,Pass,Pass,Positive,12,37.84,
HS2-00002NL5J,HS2-00002NL5J,10,Positive,SP 78914 14192,51.82079,-0.85648305,EP,GCN-22-01811,June,In-season,90,29-Jun,04-Jul,Pass,Pass,Positive,1,41.18,
HS2-00002NL5J-120722-FK,HS2-00002NL5J,10,Positive,SP 78914 14192,51.82079,-0.85648305,F,PSD-01-00344,July,Out-of-season,1125,12-Jul,14-Jul,Pass,Pass,Negative,0,NA,
HS2-00002NL5J-120722-SK,HS2-00002NL5J,10,Positive,SP 78914 14192,51.82079,-0.85648305,EP,GCN-22-01885,July,Out-of-season,90,12-Jul,14-Jul,Pass,Pass,Positive,4,40.94,
HS2-00002NL5J-160822-FK,HS2-00002NL5J,10,Positive,SP 78914 14192,51.82079,-0.85648305,F,PSD-01-00715,August,Out-of-season,200,16-Aug,19-Aug,Pass,Pass,Positive,1,40.00,
HS2-00002NL5J-160822-SK,HS2-00002NL5J,10,Positive,SP 78914 14192,51.82079,-0.85648305,EP,GCN-22-01957,August,Out-of-season,90,16-Aug,19-Aug,Pass,Pass,Positive,1,40.00,
HS2-00002NL5J-130922-FK,HS2-00002NL5J,10,Positive,SP 78914 14192,51.82079,-0.85648305,F,PSD-01-00809,September,Out-of-season,375,13-Sep,16-Sep,Pass,Pass,Positive,1,39.24,
HS2-00002NL5J-130922-SK,HS2-00002NL5J,10,Positive,SP 78914 14192,51.82079,-0.85648305,EP,GCN-22-01973,September,Out-of-season,90,13-Sep,16-Sep,Pass,Pass,Positive,1,39.89,
HS2-00002NL5J-061022-FK,HS2-00002NL5J,10,Positive,SP 78914 14192,51.82079,-0.85648305,F,PSD-01-00850,October,Out-of-season,1125,06-Oct,12-Oct,Pass,Pass,Negative,0,NA,
HS2-00002NL5J-061022-SK,HS2-00002NL5J,10,Positive,SP 78914 14192,51.82079,-0.85648305,EP,GCN-22-01991,October,Out-of-season,90,06-Oct,12-Oct,Pass,Pass,Negative,0,NA,
HS2-00002NL5K-280422-PF,HS2-00002NL5K,11,Positive,SP 78919 14227,51.821104,-0.85640256,F,PSD-01-00080,April,In-season,2500,28-Apr,29-Apr,Pass,Pass,Positive,12,36.09,
HS2-00002NL5K-280422-SK,HS2-00002NL5K,11,Positive,SP 78919 14227,51.821104,-0.85640256,EP,GCN-22-00607,April,In-season,90,28-Apr,29-Apr,Pass,Pass,Positive,2,40.55,
HS2-00003NL5K-250522-PF,HS2-00002NL5K,11,Positive,SP 78919 14227,51.821104,-0.85640256,F,PSD-01-18968_R4,May,In-season,1800,25-May,31-May,Pass,Pass,Positive,12,39.37,
HS2-00002NL5K-250522-SK,HS2-00002NL5K,11,Positive,SP 78919 14227,51.821104,-0.85640256,EP,GCN-22-01109,May,In-season,90,25-May,31-May,Pass,Pass,Positive,12,37.17,
HS2-00002NL5K,HS2-00002NL5K,11,Positive,SP 78919 14227,51.821104,-0.85640256,F,PSD-01-00280,June,In-season,1250,30-Jun,04-Jul,Pass,Pass,Positive,1,46.99,
HS2-00002NL5K,HS2-00002NL5K,11,Positive,SP 78919 14227,51.821104,-0.85640256,EP,GCN-22-01820,June,In-season,90,29-Jun,04-Jul,Pass,Pass,Positive,12,34.07,
HS2-00002NL5K-120722-FK,HS2-00002NL5K,11,Positive,SP 78919 14227,51.821104,-0.85640256,F,PSD-01-00346,July,Out-of-season,1625,12-Jul,14-Jul,Pass,Pass,Positive,11,39.81,
HS2-00002NL5K-120722-SK,HS2-00002NL5K,11,Positive,SP 78919 14227,51.821104,-0.85640256,EP,GCN-22-01882,July,Out-of-season,90,12-Jul,14-Jul,Pass,Pass,Positive,12,39.40,
HS2-00002NL5K-160822-FK,HS2-00002NL5K,11,Positive,SP 78919 14227,51.821104,-0.85640256,F,PSD-01-00721,August,Out-of-season,550,16-Aug,19-Aug,Pass,Pass,Positive,5,39.29,
HS2-00002NL5K-160822-SK,HS2-00002NL5K,11,Positive,SP 78919 14227,51.821104,-0.85640256,EP,GCN-22-01946,August,Out-of-season,90,16-Aug,19-Aug,Pass,Pass,Positive,12,38.76,
HS2-00002NL5K-130922-FK,HS2-00002NL5K,11,Positive,SP 78919 14227,51.821104,-0.85640256,F,PSD-01-00263,September,Out-of-season,1125,13-Sep,16-Sep,Pass,Pass,Negative,0,NA,
HS2-00002NL5K-130922-SK,HS2-00002NL5K,11,Positive,SP 78919 14227,51.821104,-0.85640256,EP,GCN-22-01970,September,Out-of-season,90,13-Sep,16-Sep,Pass,Pass,Positive,5,39.98,
HS2-00002NL5K-061022-FK,HS2-00002NL5K,11,Positive,SP 78919 14227,51.821104,-0.85640256,F,PSD-01-00854,October,Out-of-season,2500,06-Oct,12-Oct,Pass,Pass,Negative,0,NA,
HS2-00002NL5K-061022-SK,HS2-00002NL5K,11,Positive,SP 78919 14227,51.821104,-0.85640256,EP,GCN-22-01980,October,Out-of-season,90,06-Oct,12-Oct,Pass,Pass,Negative,0,NA,
HS2-00002NL5L-280422-PF,HS2-00002NL5L,12,Positive,SP 78902 14164,51.82054,-0.85666349,F,PSD-01-00086,April,In-season,2500,28-Apr,29-Apr,Pass,Pass,Positive,12,33.26,
HS2-00002NL5L-280422-SK,HS2-00002NL5L,12,Positive,SP 78902 14164,51.82054,-0.85666349,EP,GCN-22-00590,April,In-season,90,28-Apr,29-Apr,Pass,Pass,Positive,6,40.95,
HS2-00002NL5L-250522-PF,HS2-00002NL5L,12,Positive,SP 78902 14164,51.82054,-0.85666349,F,PSD-01-18970,May,In-season,2420,25-May,31-May,Pass,Pass,Positive,2,41.54,
HS2-00002NL5L-250522-SK,HS2-00002NL5L,12,Positive,SP 78902 14164,51.82054,-0.85666349,EP,GCN-22-01111,May,In-season,90,25-May,31-May,Pass,Pass,Positive,10,39.23,
HS2-00002NL5L,HS2-00002NL5L,12,Positive,SP 78902 14164,51.82054,-0.85666349,F,PSD-01-00264,June,In-season,2500,30-Jun,04-Jul,Pass,Pass,Positive,12,37.57,
HS2-00002NL5L,HS2-00002NL5L,12,Positive,SP 78902 14164,51.82054,-0.85666349,EP,GCN-22-01677,June,In-season,90,29-Jun,04-Jul,Pass,Pass,Positive,12,37.95,
HS2-00002NL5L-120722-FK,HS2-00002NL5L,12,Positive,SP 78902 14164,51.82054,-0.85666349,F,PSD-01-00338,July,Out-of-season,2000,12-Jul,14-Jul,Pass,Pass,Positive,12,38.38,
HS2-00002NL5L-120722-SK,HS2-00002NL5L,12,Positive,SP 78902 14164,51.82054,-0.85666349,EP,GCN-22-01890,July,Out-of-season,90,12-Jul,14-Jul,Pass,Pass,Positive,12,42.90,
HS2-00002NL5L-160822-FK,HS2-00002NL5L,12,Positive,SP 78902 14164,51.82054,-0.85666349,F,PSD-01-00354,August,Out-of-season,1100,16-Aug,19-Aug,Pass,Pass,Positive,12,33.43,
HS2-00002NL5L-160822-SK,HS2-00002NL5L,12,Positive,SP 78902 14164,51.82054,-0.85666349,EP,GCN-22-01953,August,Out-of-season,90,16-Aug,19-Aug,Pass,Pass,Positive,12,33.11,
HS2-00002NL5L-130922-FK,HS2-00002NL5L,12,Positive,SP 78902 14164,51.82054,-0.85666349,F,PSD-01-00808,September,Out-of-season,1125,13-Sep,16-Sep,Pass,Pass,Positive,12,36.07,
HS2-00002NL5L-130922-SK,HS2-00002NL5L,12,Positive,SP 78902 14164,51.82054,-0.85666349,EP,GCN-22-01969,September,Out-of-season,90,13-Sep,16-Sep,Pass,Pass,Positive,1,38.83,
HS2-00002NL5L-061022-FK,HS2-00002NL5L,12,Positive,SP 78902 14164,51.82054,-0.85666349,F,PSD-01-00855,October,Out-of-season,2500,06-Oct,12-Oct,Pass,Pass,Negative,0,NA,
HS2-00002NL5L-061022-SK,HS2-00002NL5L,12,Positive,SP 78902 14164,51.82054,-0.85666349,EP,GCN-22-01985,October,Out-of-season,90,06-Oct,12-Oct,Pass,Pass,Negative,0,NA,
HS2-00002NL5M-280422-PF,HS2-00002NL5M,13,Positive,SP 78845 14301,51.82178,-0.85745914,F,PSD-01-00089,April,In-season,2500,28-Apr,29-Apr,Pass,Pass,Positive,12,31.43,
HS2-00002NL5M-280422-SK,HS2-00002NL5M,13,Positive,SP 78845 14301,51.82178,-0.85745914,EP,GCN-22-00595,April,In-season,90,28-Apr,29-Apr,Pass,Pass,Positive,12,37.61,
HS2-00002NL5M-250522-PF,HS2-00002NL5M,13,Positive,SP 78845 14301,51.82178,-0.85745914,F,PSD-01-18978,May,In-season,1500,25-May,31-May,Pass,Pass,Positive,7,40.94,
HS2-00002NL5M-250522-SK,HS2-00002NL5M,13,Positive,SP 78845 14301,51.82178,-0.85745914,EP,GCN-22-01106,May,In-season,90,25-May,31-May,Pass,Pass,Positive,12,39.97,
HS2-00002NL5M,HS2-00002NL5M,13,Positive,SP 78845 14301,51.82178,-0.85745914,F,PSD-01-00239,June,In-season,540,30-Jun,04-Jul,Pass,Pass,Positive,12,30.22,
HS2-00002NL5M,HS2-00002NL5M,13,Positive,SP 78845 14301,51.82178,-0.85745914,EP,GCN-22-01814,June,In-season,90,29-Jun,04-Jul,Pass,Pass,Positive,6,39.89,
HS2-00002NL5M-120722-FK,HS2-00002NL5M,13,Positive,SP 78845 14301,51.82178,-0.85745914,F,PSD-01-00339,July,Out-of-season,440,12-Jul,14-Jul,Pass,Pass,Positive,11,37.07,
HS2-00002NL5M-120722-SK,HS2-00002NL5M,13,Positive,SP 78845 14301,51.82178,-0.85745914,EP,GCN-22-01894,July,Out-of-season,90,12-Jul,14-Jul,Pass,Pass,Positive,11,38.37,
HS2-00002NL5M-160822-FK,HS2-00002NL5M,13,Positive,SP 78845 14301,51.82178,-0.85745914,F,PSD-01-00717,August,Out-of-season,300,16-Aug,19-Aug,Pass,Pass,Positive,5,39.63,
HS2-00002NL5M-160822-SK,HS2-00002NL5M,13,Positive,SP 78845 14301,51.82178,-0.85745914,EP,GCN-22-01889,August,Out-of-season,90,16-Aug,19-Aug,Pass,Pass,Positive,12,37.77,
HS2-00002NL5M-130922-FK,HS2-00002NL5M,13,Positive,SP 78845 14301,51.82178,-0.85745914,F,PSD-01-00810,September,Out-of-season,125,13-Sep,16-Sep,Pass,Pass,Negative,0,NA,
HS2-00002NL5M-130922-SK,HS2-00002NL5M,13,Positive,SP 78845 14301,51.82178,-0.85745914,EP,GCN-22-01972,September,Out-of-season,90,13-Sep,16-Sep,Pass,Pass,Positive,2,39.98,
HS2-00002NL5M-061022-FK,HS2-00002NL5M,13,Positive,SP 78845 14301,51.82178,-0.85745914,F,PSD-01-00864,October,Out-of-season,875,06-Oct,12-Oct,Pass,Pass,Negative,0,NA,
HS2-00002NL5M-061022-SK,HS2-00002NL5M,13,Positive,SP 78845 14301,51.82178,-0.85745914,EP,GCN-22-01979,October,Out-of-season,90,06-Oct,12-Oct,Pass,Pass,Negative,0,NA,
HS2-00002NL5N-280422-PF,HS2-00002NL5N,14,Positive,SP 78911 14250,51.821312,-0.85651337,F,PSD-01-00084,April,In-season,2000,28-Apr,29-Apr,Pass,Pass,Positive,8,38.83,
HS2-00002NL5N-280422-SK,HS2-00002NL5N,14,Positive,SP 78911 14250,51.821312,-0.85651337,EP,GCN-22-00601,April,In-season,90,28-Apr,29-Apr,Pass,Pass,Positive,2,40.21,
HS2-00002NL5N- 250522-PF,HS2-00002NL5N,14,Positive,SP 78911 14250,51.821312,-0.85651337,F,PSD-01-18979,May,In-season,1000,25-May,31-May,Pass,Pass,Positive,12,35.05,
HS2-00002NL5N-250522-SK,HS2-00002NL5N,14,Positive,SP 78911 14250,51.821312,-0.85651337,EP,GCN-22-01112,May,In-season,90,25-May,31-May,Pass,Pass,Positive,12,37.14,
HS2-00002NL5N,HS2-00002NL5N,14,Positive,SP 78911 14250,51.821312,-0.85651337,F,PSD-01-00262,June,In-season,800,30-Jun,04-Jul,Pass,Pass,Positive,2,40.75,
HS2-00002NL5N,HS2-00002NL5N,14,Positive,SP 78911 14250,51.821312,-0.85651337,EP,GCN-22-01819,June,In-season,90,29-Jun,04-Jul,Pass,Pass,Positive,12,39.39,
HS2-00002NL5N-120722-FK,HS2-00002NL5N,14,Positive,SP 78911 14250,51.821312,-0.85651337,F,PSD-01-00334,July,Out-of-season,1125,12-Jul,14-Jul,Pass,Pass,Negative,0,NA,
HS2-00002NL5N-120722-SK,HS2-00002NL5N,14,Positive,SP 78911 14250,51.821312,-0.85651337,EP,GCN-22-01895,July,Out-of-season,90,12-Jul,14-Jul,Pass,Pass,Positive,11,39.36,
HS2-00002NL5N-160822-FK,HS2-00002NL5N,14,Positive,SP 78911 14250,51.821312,-0.85651337,F,PSD-01-00720,August,Out-of-season,1350,16-Aug,19-Aug,Pass,Pass,Positive,11,38.98,
HS2-00002NL5N-160822-SK,HS2-00002NL5N,14,Positive,SP 78911 14250,51.821312,-0.85651337,EP,GCN-22-01950,August,Out-of-season,90,16-Aug,19-Aug,Pass,Pass,Positive,11,38.15,
HS2-00002NL5N-130922-FK,HS2-00002NL5N,14,Positive,SP 78911 14250,51.821312,-0.85651337,F,PSD-01-00806,September,Out-of-season,1065,13-Sep,16-Sep,Pass,Pass,Positive,3,40.51,
HS2-00002NL5N-130922-SK,HS2-00002NL5N,14,Positive,SP 78911 14250,51.821312,-0.85651337,EP,GCN-22-01964,September,Out-of-season,90,13-Sep,16-Sep,Pass,Pass,Positive,1,39.22,
HS2-00002NL5N-061022-FK,HS2-00002NL5N,14,Positive,SP 78911 14250,51.821312,-0.85651337,F,PSD-01-00860,October,Out-of-season,2000,06-Oct,12-Oct,Pass,Pass,Negative,0,NA,
HS2-00002NL5N-061022-SK,HS2-00002NL5N,14,Positive,SP 78911 14250,51.821312,-0.85651337,EP,GCN-22-01993,October,Out-of-season,90,06-Oct,12-Oct,Pass,Pass,Negative,0,NA,
HS2-00002NL5P-280422-PF,HS2-00002NL5P,15,Positive,SP 78891 14266,51.821459,-0.85679984,F,PSD-01-00094,April,In-season,2500,28-Apr,29-Apr,Pass,Pass,Positive,6,39.27,
HS2-00002NL5P-280422-SK,HS2-00002NL5P,15,Positive,SP 78891 14266,51.821459,-0.85679984,EP,GCN-22-00599,April,In-season,90,28-Apr,29-Apr,Pass,Pass,Negative,0,NA,
HS2-00002NL5P-250522-PF,HS2-00002NL5P,15,Positive,SP 78891 14266,51.821459,-0.85679984,F,PSD-01-18973,May,In-season,600,25-May,31-May,Pass,Pass,Positive,12,36.53,
HS2-00002NL5P- 250522-SK,HS2-00002NL5P,15,Positive,SP 78891 14266,51.821459,-0.85679984,EP,GCN-22-01120,May,In-season,90,25-May,31-May,Pass,Pass,Positive,5,39.17,
HS2-00002NL5P,HS2-00002NL5P,15,Positive,SP 78891 14266,51.821459,-0.85679984,F,PSD-01-00269,June,In-season,600,30-Jun,04-Jul,Pass,Pass,Positive,11,38.94,
HS2-00002NL5P,HS2-00002NL5P,15,Positive,SP 78891 14266,51.821459,-0.85679984,EP,GCN-22-01810,June,In-season,90,29-Jun,04-Jul,Pass,Pass,Negative,0,NA,
HS2-00002NL5P-120722-FK,HS2-00002NL5P,15,Positive,SP 78891 14266,51.821459,-0.85679984,F,PSD-01-00342,July,Out-of-season,375,12-Jul,14-Jul,Pass,Pass,Positive,12,38.20,
HS2-00002NL5P-120722-SK,HS2-00002NL5P,15,Positive,SP 78891 14266,51.821459,-0.85679984,EP,GCN-22-01879,July,Out-of-season,90,12-Jul,14-Jul,Pass,Pass,Positive,4,39.98,
HS2-00002NL5P-160822-FK,HS2-00002NL5P,15,Positive,SP 78891 14266,51.821459,-0.85679984,F,PSD-01-00719,August,Out-of-season,450,16-Aug,19-Aug,Pass,Pass,Positive,12,36.78,
HS2-00002NL5P-160822-SK,HS2-00002NL5P,15,Positive,SP 78891 14266,51.821459,-0.85679984,EP,GCN-22-01949,August,Out-of-season,90,16-Aug,19-Aug,Pass,Pass,Positive,3,39.33,
HS2-00002NL5P-130922-FK,HS2-00002NL5P,15,Positive,SP 78891 14266,51.821459,-0.85679984,F,PSD-01-00816,September,Out-of-season,1125,13-Sep,16-Sep,Pass,Pass,Positive,4,40.20,
HS2-00002NL5P-130922-SK,HS2-00002NL5P,15,Positive,SP 78891 14266,51.821459,-0.85679984,EP,GCN-22-01881,September,Out-of-season,90,13-Sep,16-Sep,Pass,Pass,Positive,10,39.53,
HS2-00002NL5P-061022-FK,HS2-00002NL5P,15,Positive,SP 78891 14266,51.821459,-0.85679984,F,PSD-01-00853,October,Out-of-season,1125,06-Oct,12-Oct,Pass,Pass,Negative,0,NA,
HS2-00002NL5P-061022-SK,HS2-00002NL5P,15,Positive,SP 78891 14266,51.821459,-0.85679984,EP,GCN-22-01992,October,Out-of-season,90,06-Oct,12-Oct,Pass,Pass,Negative,0,NA,
HS2-00002NL5Q-280422-PF,HS2-00002NL5Q,16,Positive,SP 78807 14359,51.822307,-0.85799717,F,PSD-01-00075,April,In-season,2500,28-Apr,29-Apr,Pass,Pass,Negative,0,NA,
HS2-00002NL5Q-280422-SK,HS2-00002NL5Q,16,Positive,SP 78807 14359,51.822307,-0.85799717,EP,GCN-22-00589,April,In-season,90,28-Apr,29-Apr,Pass,Pass,Positive,12,32.75,
HS2-0002NL5Q-260522-PF,HS2-00002NL5Q,16,Positive,SP 78807 14359,51.822307,-0.85799717,F,PSD-01-18975,May,In-season,1900,26-May,31-May,Pass,Pass,Positive,12,31.77,
HS2-00002NL5Q-250522-SK,HS2-00002NL5Q,16,Positive,SP 78807 14359,51.822307,-0.85799717,EP,GCN-22-01116,May,In-season,90,26-May,31-May,Pass,Pass,Positive,12,36.09,
HS2-00002NL5Q,HS2-00002NL5Q,16,Positive,SP 78807 14359,51.822307,-0.85799717,F,PSD-01-00278,June,In-season,2500,30-Jun,04-Jul,Pass,Pass,Positive,11,38.62,
HS2-00002NL5Q,HS2-00002NL5Q,16,Positive,SP 78807 14359,51.822307,-0.85799717,EP,GCN-22-01813,June,In-season,90,20-Jun,04-Jul,Pass,Pass,Positive,12,38.02,
HS2-00002NL5Q-120722-FK,HS2-00002NL5Q,16,Positive,SP 78807 14359,51.822307,-0.85799717,F,PSD-01-00336,July,Out-of-season,2250,12-Jul,14-Jul,Pass,Pass,Negative,0,NA,
HS2-00002NL5Q-120722-SK,HS2-00002NL5Q,16,Positive,SP 78807 14359,51.822307,-0.85799717,EP,GCN-22-01892,July,Out-of-season,90,12-Jul,14-Jul,Pass,Pass,Positive,12,36.78,
HS2-00002NL5Q-160822-FK,HS2-00002NL5Q,16,Positive,SP 78807 14359,51.822307,-0.85799717,F,PSD-01-00337,August,Out-of-season,1000,16-Aug,19-Aug,Pass,Pass,Negative,0,NA,
HS2-00002NL5Q-160822-SK,HS2-00002NL5Q,16,Positive,SP 78807 14359,51.822307,-0.85799717,EP,GCN-22-01956,August,Out-of-season,90,16-Aug,19-Aug,Pass,Pass,Positive,7,39.42,
HS2-00002NL5Q-130922-FK,HS2-00002NL5Q,16,Positive,SP 78807 14359,51.822307,-0.85799717,F,PSD-01-00813,September,Out-of-season,500,13-Sep,16-Sep,Pass,Pass,Negative,0,NA,
HS2-00002NL5Q-130922-SK,HS2-00002NL5Q,16,Positive,SP 78807 14359,51.822307,-0.85799717,EP,GCN-22-01976,September,Out-of-season,90,13-Sep,16-Sep,Pass,Pass,Negative,0,NA,
HS2-00002NL5Q-061022-FK,HS2-00002NL5Q,16,Positive,SP 78807 14359,51.822307,-0.85799717,F,PSD-01-00861,October,Out-of-season,500,06-Oct,12-Oct,Pass,Pass,Negative,0,NA,
HS2-00002NL5Q-061022-SK,HS2-00002NL5Q,16,Positive,SP 78807 14359,51.822307,-0.85799717,EP,GCN-22-01990,October,Out-of-season,90,06-Oct,12-Oct,Pass,Pass,Negative,0,NA,
HS2-00002NL5R-280422-PF,HS2-00002NL5R,17,Positive,SP 78857 14317,51.821922,-0.85728143,F,PSD-01-00078,April,In-season,2500,28-Apr,29-Apr,Pass,Pass,Positive,12,36.54,Almost dry in May - omitted from subsequent surveys
HS2-00002NL5R-280422-SK,HS2-00002NL5R,17,Positive,SP 78857 14317,51.821922,-0.85728143,EP,GCN-22-00594,April,In-season,90,28-Apr,29-Apr,Pass,Pass,Negative,0,NA,Almost dry in May - omitted from subsequent surveys
620014-250522-PF,0620014,18,Positive,SP 80166 13110,51.810886,-0.8385725,F,PSD-01-18971,May,In-season,1200,25-May,31-May,Pass,Pass,Positive,1,43.51,Dry in June - omitted from subsequent surveys
620014-250522-SK,0620014,18,Positive,SP 80166 13110,51.810886,-0.8385725,EP,GCN-22-01113,May,In-season,90,25-May,31-May,Pass,Pass,Negative,0,NA,Dry in June - omitted from subsequent surveys
HS2-00002NL5S-280422-PF,HS2-00002NL5S,19,Positive,SP 78873 14302,51.821785,-0.85705275,F,PSD-01-00077,April,In-season,1900,28-Apr,29-Apr,Pass,Pass,Positive,9,38.90,Dry in May - omitted from subsequent surveys
HS2-00002NL5S-280422-SK,HS2-00002NL5S,19,Positive,SP 78873 14302,51.821785,-0.85705275,EP,GCN-22-00587,April,In-season,90,28-Apr,29-Apr,Pass,Pass,Positive,2,44.55,Dry in May - omitted from subsequent surveys
HS2-00002NL5T-280422-PF,HS2-00002NL5T,20,Positive,SP 78888 14285,51.82163,-0.85683903,F,PSD-01-00072,April,In-season,2500,28-Apr,29-Apr,Pass,Pass,Positive,12,38.85,
HS2-00002NL5T-280422-SK,HS2-00002NL5T,20,Positive,SP 78888 14285,51.82163,-0.85683903,EP,GCN-22-00600,April,In-season,90,28-Apr,29-Apr,Pass,Pass,Positive,1,44.54,
HS2-00002NL5T-250522-PF,HS2-00002NL5T,20,Positive,SP 78888 14285,51.82163,-0.85683903,F,PSD-01-18984,May,In-season,2000,25-May,31-May,Pass,Pass,Positive,7,40.87,
HS2-00002NL5T-250522-SK,HS2-00002NL5T,20,Positive,SP 78888 14285,51.82163,-0.85683903,EP,GCN-22-01119,May,In-season,90,25-May,31-May,Pass,Pass,Positive,1,39.11,
HS2-00002NL5T,HS2-00002NL5T,20,Positive,SP 78888 14285,51.82163,-0.85683903,F,PSD-01-00268,June,In-season,1400,30-Jun,04-Jul,Pass,Pass,Positive,12,34.85,
HS2-00002NL5T,HS2-00002NL5T,20,Positive,SP 78888 14285,51.82163,-0.85683903,EP,GCN-22-01676,June,In-season,90,29-Jun,04-Jul,Pass,Pass,Negative,0,NA,
HS2-00002NL5T-120722-FK,HS2-00002NL5T,20,Positive,SP 78888 14285,51.82163,-0.85683903,F,PSD-01-00335,July,Out-of-season,1625,12-Jul,14-Jul,Pass,Pass,Positive,12,38.32,
HS2-00002NL5T-120722-SK,HS2-00002NL5T,20,Positive,SP 78888 14285,51.82163,-0.85683903,EP,GCN-22-01898,July,Out-of-season,90,12-Jul,14-Jul,Pass,Pass,Positive,1,41.40,
HS2-00002NL5T-160822-FK,HS2-00002NL5T,20,Positive,SP 78888 14285,51.82163,-0.85683903,F,PSD-01-00713,August,Out-of-season,500,16-Aug,19-Aug,Pass,Pass,Positive,1,39.03,
HS2-00002NL5T-160822-SK,HS2-00002NL5T,20,Positive,SP 78888 14285,51.82163,-0.85683903,EP,GCN-22-01891,August,Out-of-season,90,16-Aug,19-Aug,Pass,Pass,Positive,3,40.09,
HS2-00002NL5T-130922-FK,HS2-00002NL5T,20,Positive,SP 78888 14285,51.82163,-0.85683903,F,PSD-01-00817,September,Out-of-season,250,13-Sep,16-Sep,Pass,Pass,Positive,5,40.43,
HS2-00002NL5T-130922-SK,HS2-00002NL5T,20,Positive,SP 78888 14285,51.82163,-0.85683903,EP,GCN-22-01967,September,Out-of-season,90,13-Sep,16-Sep,Pass,Pass,Negative,0,NA,
HS2-00002NL5T-061022-FK,HS2-00002NL5T,20,Positive,SP 78888 14285,51.82163,-0.85683903,F,PSD-01-00857,October,Out-of-season,1250,06-Oct,12-Oct,Pass,Pass,Positive,1,40.22,
HS2-00002NL5T-061022-SK,HS2-00002NL5T,20,Positive,SP 78888 14285,51.82163,-0.85683903,EP,GCN-22-01984,October,Out-of-season,90,06-Oct,12-Oct,Pass,Pass,Positive,1,37.34,
HS2-00002NL5U-280422-PF,HS2-00002NL5U,21,Positive,SP 78865 14288,51.82166,-0.85717198,F,PSD-01-00093,April,In-season,2500,28-Apr,29-Apr,Pass,Pass,Positive,12,37.27,
HS2-00002NL5U-280422-SK,HS2-00002NL5U,21,Positive,SP 78865 14288,51.82166,-0.85717198,EP,GCN-22-00597,April,In-season,90,28-Apr,29-Apr,Pass,Pass,Positive,3,39.75,
HS2-00002NL5U- 250522-PF,HS2-00002NL5U,21,Positive,SP 78865 14288,51.82166,-0.85717198,F,PSD-01-18969,May,In-season,1000,25-May,31-May,Pass,Pass,Positive,12,34.41,
HS2-00002NL5U-250522-SK,HS2-00002NL5U,21,Positive,SP 78865 14288,51.82166,-0.85717198,EP,GCN-22-01108,May,In-season,90,25-May,31-May,Pass,Pass,Negative,0,NA,
HS2-00002NL5U,HS2-00002NL5U,21,Positive,SP 78865 14288,51.82166,-0.85717198,F,PSD-01-00265,June,In-season,510,30-Jun,04-Jul,Pass,Pass,Positive,12,32.08,Dry in July - omitted from subsequent surveys
HS2-00002NL5U,HS2-00002NL5U,21,Positive,SP 78865 14288,51.82166,-0.85717198,EP,GCN-22-01807,June,In-season,90,29-Jun,04-Jul,Pass,Pass,Positive,12,38.74,Dry in July - omitted from subsequent surveys
HS2-00002NL5W-240822-PF,HS2-00002NL5W,22,Positive,SP 78818 14337,51.822107,-0.85784261,F,PSD-01-00073,April,In-season,2500,28-Apr,29-Apr,Pass,Pass,Positive,12,36.40,
HS2-00002NL5W-240822-SK,HS2-00002NL5W,22,Positive,SP 78818 14337,51.822107,-0.85784261,EP,GCN-22-00591,April,In-season,90,28-Apr,29-Apr,Pass,Pass,Positive,1,50.03,
HS2-00002NL5W- 260522-PF,HS2-00002NL5W,22,Positive,SP 78818 14337,51.822107,-0.85784261,F,PSD-01-18982,May,In-season,2300,26-May,31-May,Fail,Pass,Positive,12,38.12,
HS2-00002NL5W-260522-SK,HS2-00002NL5W,22,Positive,SP 78818 14337,51.822107,-0.85784261,EP,GCN-22-01110,May,In-season,90,26-May,31-May,Pass,Pass,Positive,8,39.53,
HS2-00002NL5W,HS2-00002NL5W,22,Positive,SP 78818 14337,51.822107,-0.85784261,F,PSD-01-00241,June,In-season,1500,30-Jun,04-Jul,Pass,Pass,Positive,12,38.13,
HS2-00002NL5W,HS2-00002NL5W,22,Positive,SP 78818 14337,51.822107,-0.85784261,EP,GCN-22-01675,June,In-season,90,30-Jun,04-Jul,Pass,Pass,Positive,11,38.53,
HS2-00002NL5W-120722-FK,HS2-00002NL5W,22,Positive,SP 78818 14337,51.822107,-0.85784261,F,PSD-01-00341,July,Out-of-season,1125,12-Jul,14-Jul,Pass,Pass,Positive,2,40.53,
HS2-00002NL5W-120722-SK,HS2-00002NL5W,22,Positive,SP 78818 14337,51.822107,-0.85784261,EP,GCN-22-01897,July,Out-of-season,90,12-Jul,14-Jul,Pass,Pass,Positive,12,36.25,
HS2-00002NL5W-160822-FK,HS2-00002NL5W,22,Positive,SP 78818 14337,51.822107,-0.85784261,F,PSD-01-00716,August,Out-of-season,500,16-Aug,19-Aug,Pass,Pass,Positive,2,39.85,
HS2-00002NL5W-160822-SK,HS2-00002NL5W,22,Positive,SP 78818 14337,51.822107,-0.85784261,EP,GCN-22-01884,August,Out-of-season,90,16-Aug,19-Aug,Pass,Pass,Positive,4,40.89,
HS2-00002NL5W-130922-FK,HS2-00002NL5W,22,Positive,SP 78818 14337,51.822107,-0.85784261,F,PSD-01-00804,September,Out-of-season,625,13-Sep,16-Sep,Pass,Pass,Negative,0,NA,Dry in October
HS2-00002NL5W-130922-SK,HS2-00002NL5W,22,Positive,SP 78818 14337,51.822107,-0.85784261,EP,GCN-22-01975,September,Out-of-season,90,13-Sep,16-Sep,Pass,Pass,Negative,0,NA,Dry in October
HS2-00002NL5V-280422-PF,HS2-00002NL5V,23,Positive,SP 78841 14332,51.822059,-0.85751011,F,PSD-01-00085,April,In-season,2500,28-Apr,29-Apr,Pass,Pass,Positive,9,39.07,
HS2-00002NL5V-280422-SK,HS2-00002NL5V,23,Positive,SP 78841 14332,51.822059,-0.85751011,EP,GCN-22-00603,April,In-season,90,28-Apr,29-Apr,Pass,Pass,Negative,0,NA,
HS2-00002NL5V-260522-PF,HS2-00002NL5V,23,Positive,SP 78841 14332,51.822059,-0.85751011,F,PSD-01-18966,May,In-season,1000,26-May,31-May,Pass,Pass,Positive,12,34.97,Dry in June - omitted from subsequent surveys
HS2-00002NL5V-260522-SK,HS2-00002NL5V,23,Positive,SP 78841 14332,51.822059,-0.85751011,EP,GCN-22-01117,May,In-season,90,26-May,31-May,Pass,Pass,Positive,10,37.70,Dry in June - omitted from subsequent surveys
063009-260722-FK,063009,24,Negative,SP 79896 13401,51.813541,-0.84242105,F,PSD-01-00350,July,Out-of-season,880,26-Jul,28-Jul,Pass,Pass,Negative,0,NA,
063009-260722-SK,063009,24,Negative,SP 79896 13401,51.813541,-0.84242105,EP,GCN-22-01883,July,Out-of-season,90,26-Jul,26-Jul,Pass,Pass,Negative,0,NA,
063009-180822-FK,063009,24,Negative,SP 79896 13401,51.813541,-0.84242105,F,PSD-01-00722,August,Out-of-season,875,18-Aug,19-Aug,Pass,Pass,Negative,0,NA,
063009-180822-SK,063009,24,Negative,SP 79896 13401,51.813541,-0.84242105,EP,GCN-22-01952,August,Out-of-season,90,18-Aug,19-Aug,Pass,Pass,Negative,0,NA,
063009-150922-FK,063009,24,Negative,SP 79896 13401,51.813541,-0.84242105,F,PSD-01-00801,September,Out-of-season,815,15-Sep,16-Sep,Pass,Pass,Negative,0,NA,
063009-150922-SK,063009,24,Negative,SP 79896 13401,51.813541,-0.84242105,EP,GCN-22-01974,September,Out-of-season,90,15-Sep,16-Sep,Pass,Pass,Negative,0,NA,
063009-201022-FK,063009,24,Negative,SP 79896 13401,51.813541,-0.84242105,F,PSD-01-00856,October,Out-of-season,1750,20-Oct,25-Oct,Fail,Pass,Positive,2,41.57,
063009-201022-SK,063009,24,Negative,SP 79896 13401,51.813541,-0.84242105,EP,GCN-22-01982,October,Out-of-season,90,20-Oct,25-Oct,Pass,Pass,Negative,0,NA,
063011-260722-FK,063011,25,Positive,SP 79783 13529,51.814707,-0.84403045,F,PSD-01-00349,July,Out-of-season,1950,26-Jul,28-Jul,Pass,Pass,Positive,12,32.19,
063011-260722-SK,063011,25,Positive,SP 79783 13529,51.814707,-0.84403045,EP,GCN-22-01809,July,Out-of-season,90,26-Jul,28-Jul,Pass,Pass,Positive,12,37.29,
063011-180222-FK,063011,25,Positive,SP 79783 13529,51.814707,-0.84403045,F,PSD-01-00277,August,Out-of-season,700,18-Aug,19-Aug,Pass,Pass,Positive,12,35.86,
063011-180822-SK,063011,25,Positive,SP 79783 13529,51.814707,-0.84403045,EP,GCN-22-01958,August,Out-of-season,90,18-Aug,19-Aug,Pass,Pass,Positive,12,39.83,
063011-150922-FK,063011,25,Positive,SP 79783 13529,51.814707,-0.84403045,F,PSD-01-00811,September,Out-of-season,1050,15-Sep,16-Sep,Pass,Pass,Positive,6,40.08,
063011-150922-SK,063011,25,Positive,SP 79783 13529,51.814707,-0.84403045,EP,GCN-22-01960,September,Out-of-season,90,15-Sep,16-Sep,Pass,Pass,Positive,3,39.77,
063011-201022-FK,063011,25,Positive,SP 79783 13529,51.814707,-0.84403045,F,PSD-01-00848,October,Out-of-season,1250,20-Oct,25-Oct,Pass,Pass,Positive,2,45.13,
063011-201022-SK,063011,25,Positive,SP 79783 13529,51.814707,-0.84403045,EP,GCN-22-01988,October,Out-of-season,90,20-Oct,25-Oct,Pass,Pass,Negative,0,NA,
BLANK-260522-PF,NA,NA,NA,NA,NA,NA,F,PSD-01-18967,May,In-season,2500,26-May,31-May,Pass,Pass,Negative,0,NA,
BLANK-260522-SK,NA,NA,NA,NA,NA,NA,EP,GCN-22-01118,May,In-season,90,26-May,31-May,Pass,Pass,Negative,0,NA,
Blank,NA,NA,NA,NA,NA,NA,F,PSD-01-00261,June,In-season,2500,30-Jun,04-Jul,Pass,Pass,Negative,0,NA,
Blank-260722-FK,NA,NA,NA,NA,NA,NA,F,PSD-01-00271,July,Out-of-season,2500,26-Jul,28-Jul,Pass,Pass,Negative,0,NA,
Blank-260722-SK,NA,NA,NA,NA,NA,NA,EP,GCN-22-01899,July,Out-of-season,90,26-Jul,28-Jul,Pass,Pass,Negative,0,NA,
Blank-180822-FK,NA,NA,NA,NA,NA,NA,F,PSD-01-00340,August,Out-of-season,2500,18-Aug,19-Aug,Pass,Pass,Negative,0,NA,
Blank-180822-SK,NA,NA,NA,NA,NA,NA,EP,GCN-22-01880,August,Out-of-season,90,18-Aug,19-Aug,Pass,Pass,Negative,0,NA,
BLANK-150922-FK,NA,NA,NA,NA,NA,NA,F,PSD-01-00807,September,Out-of-season,2500,15-Sep,16-Sep,Pass,Pass,Negative,0,NA,
BLANK-150922-SK,NA,NA,NA,NA,NA,NA,EP,GCN-22-01971,September,Out-of-season,90,15-Sep,16-Sep,Pass,Pass,Negative,0,NA,
BLANK-071022-FK,NA,NA,NA,NA,NA,NA,F,PSD-01-00858,October,Out-of-season,2500,07-Oct,12-Oct,Pass,Pass,Negative,0,NA,
BLANK-071022-SK,NA,NA,NA,NA,NA,NA,EP,GCN-22-01987,October,Out-of-season,90,07-Oct,12-Oct,Fail,Pass,Inconclusive,NA,NA,
